country,Region,Surface area,Population,"Population density","Sex ratio",GDP,"GDP growth rate",Economy,Agricultural,Food production index,International trade: Exports,International trade: Imports,International trade: Balance,"current accoun",Population growth rate,Urban population,Urban population growth rate,age distribution
Afghanistan,SouthernAsia,652864,35530,54.4,106.3,20270,-2.4,23.3,125,125,1458,3568,-2110,-5121,3.2,26.7,4,43.2/4.1
Albania,SouthernEurope,28748,2930,106.9,101.9,11541,2.6,22.4,134,134,1962,4669,-2707,-1222,-0.1,57.4,2.2,17.4/19.0
Algeria,NorthernAfrica,2381741,41318,17.3,102,164779,3.8,12.2,160,161,29992,47091,-17099,-27229,2,70.7,2.8,29.3/9.4
American Samoa,Polynesia,199,56,278.2,103.6,-99,-99,-99,112,112,-99,-99,-99,-99,-~0.0,87.2,-0.1,33.3/9.0
Andorra,SouthernEurope,468,77,163.8,102.3,2812,0.8,0.5,-99,-99,100,1355,-1255,-99,-1.6,85.1,0.1,14.4/19.0
Angola,MiddleAfrica,1246700,29784,23.9,96.2,117955,3,6.8,175,176,21011,8790,12221,-10273,3.5,44.1,5,46.8/4.0
Anguilla,Caribbean,91,15,165.7,97.6,320,2.9,2.3,-99,-99,2,154,-153,-48,1.2,100,1.2,23.3/7.6
Antigua and Barbuda,Caribbean,442,102,231.8,92.3,1356,4.1,1.9,88,88,61,491,-429,-204,1.1,23.8,-0.9,23.9/10.9
Argentina,SouthAmerica,2780400,44271,16.2,95.9,632343,2.4,6,119,119,57733,55610,2124,-15944,1,91.8,1,24.9/15.4
Armenia,WesternAsia,29743,2930,102.9,88.8,10529,3,19,135,135,1776,3230,-1455,-279,0.3,62.7,-0.1,20.0/16.9
Aruba,Caribbean,180,105,584.8,90.4,2702,0.1,0.5,-99,-99,95,1117,-1022,96,0.5,41.5,-0.3,17.9/19.7
Australia,Oceania,7692060,24451,3.2,99.3,1230859,2.4,2.5,111,111,189630,189406,224,-57746,1.5,89.4,1.5,19.0/21.0
Austria,WesternEurope,83871,8736,106,96.2,376967,1,1.3,108,108,145503,149299,-3795,7020,0.6,66,0.4,14.1/25.1
Azerbaijan,WesternAsia,86600,9828,118.9,99.3,53049,0.7,6.7,131,136,9143,8532,611,-222,1.3,54.6,1.6,23.3/10.1
Bahamas,Caribbean,13940,395,39.5,95.9,8854,-1.7,1.6,132,132,365,2904,-2539,-1409,1.4,82.9,1.5,20.5/13.5
Bahrain,WesternAsia,771,1493,1963.9,168.3,31126,2.9,0.3,167,167,12892,14749,-1856,1124,2,88.8,1.7,19.7/4.6
Bangladesh,SouthernAsia,147570,164670,1265,101.7,194466,6.6,15.5,141,140,36031,52624,-16593,2687,1.2,34.3,3.6,28.4/7.3
Barbados,Caribbean,431,286,664.5,91.9,4385,0.9,1.7,88,88,517,1621,-1104,-248,0.3,31.5,0.1,19.1/21.0
Belarus,EasternEurope,207600,9468,46.7,87,54609,-3.9,7.5,122,122,23414,27464,-4050,-2037,~0.0,76.7,~0.0,16.7/21.3
Belgium,WesternEurope,30528,11429,377.5,97.3,455107,1.5,0.7,108,107,398033,372713,25321,1936,0.6,97.9,0.5,17.1/24.6
Belize,CentralAmerica,22966,375,16.4,99.2,1721,1.2,14.6,97,97,246,952,-706,-175,2.2,44,1.9,31.4/6.2
Benin,WesternAfrica,114763,11176,99.1,99.5,8476,5.2,23.2,152,158,410,2630,-2220,-885,2.8,44,3.7,42.7/5.0
Bermuda,NorthernAmerica,53,61,1227,91.4,5853,0.4,0.7,115,115,8,971,-963,817,-0.6,100,0.2,14.8/24.9
Bhutan,SouthernAsia,38394,808,21.2,113.1,2074,5.2,17.2,98,98,616,1688,-1072,-579,1.6,38.6,3.7,26.5/7.3
Bolivia (Plurinational State of),SouthAmerica,1098581,11052,10.2,100.2,32998,4.8,12.6,142,143,6969,8374,-1405,-1854,1.6,68.5,2.3,31.6/9.5
"Bonaire, Sint Eustatius and Saba",Caribbean,-99,25,77.4,-99,-99,-99,-99,-99,-99,-99,-99,-99,-99,3.2,74.7,2.4,-99
Bosnia and Herzegovina,SouthernEurope,51209,3507,68.8,96.4,16251,3.1,7.3,96,97,5327,9130,-3803,-923,-1,39.8,0.1,14.1/23.4
Botswana,SouthernAfrica,582000,2292,4,97.7,14391,-0.3,2.4,110,110,7321,6103,1218,1120,1.8,57.4,1.3,31.4/6.4
Brazil,SouthAmerica,8515767,209288,25,96.6,1772591,-3.8,5.2,135,136,185235,137552,47683,-58882,0.9,85.7,1.2,21.7/12.6
British Virgin Islands,Caribbean,151,31,208,97.1,908,-1.1,1,103,103,~0,444,-444,-99,2,46.2,1.8,.../...
Brunei Darussalam,South-easternAsia,5765,429,81.3,106,12930,-0.6,1.1,157,157,4875,2679,2197,2071,1.4,77.2,1.8,23.0/8.0
Bulgaria,EasternEurope,111002,7085,65.3,94.6,48953,3,5.1,117,119,26088,28875,-2787,196,-0.6,73.9,-0.3,14.2/27.7
Burkina Faso,WesternAfrica,272967,19193,70.2,99.5,11065,4.1,34.5,131,134,2019,3699,-1680,-998,3,29.9,5.9,45.2/3.9
Burundi,EasternAfrica,27830,10864,423.1,96.9,2735,-4.1,36.3,109,122,123,625,-502,-375,3,12.1,5.7,45.0/4.4
Cabo Verde,WesternAfrica,4033,546,135.6,99.3,1603,1.5,9.5,98,98,29,485,-455,-73,1.2,65.5,2,30.2/6.9
Cambodia,South-easternAsia,181035,16005,90.7,95.3,18050,7,28.2,175,177,13204,15313,-2109,-1657,1.6,20.7,2.6,31.3/7.1
Cameroon,MiddleAfrica,475650,24054,50.9,100.2,28416,5.8,22.7,155,160,2130,4899,-2768,-1173,2.7,54.4,3.6,42.7/4.8
Canada,NorthernAmerica,9984670,36624,4,98.5,1552808,0.9,1.8,109,109,388911,402954,-14043,-53083,1,81.8,1.2,16.0/23.5
Cayman Islands,Caribbean,264,62,256.5,100.4,3726,0.7,0.3,104,104,18,991,-972,-99,1.5,100,1.5,18.3/6.7
Central African Republic,MiddleAfrica,622984,4659,7.5,97.3,1633,4.8,34.9,114,113,213,147,66,-99,0.4,40,2.6,43.2/5.5
Chad,MiddleAfrica,1284000,14900,11.8,100.2,10009,6.6,25.4,146,151,1990,1371,619,-99,3.3,22.5,3.4,47.1/4.0
Channel Islands,NorthernEurope,180,165,870.1,98.4,-99,-99,-99,-99,-99,-99,-99,-99,-99,0.5,31.5,0.8,14.5/24.5
Chile,SouthAmerica,756102,18055,24.3,98.2,240796,2.3,3.9,111,111,59884,58804,1080,-4761,0.9,89.5,1.1,20.3/16.0
"China, Hong Kong SAR",EasternAsia,1106,7365,7014.2,85.1,309236,2.4,0.1,34,34,516588,547124,-30536,10101,0.6,100,0.7,11.5/23.5
"China, Macao SAR",EasternAsia,30,623,20821.6,92.3,46178,-20.3,-99,86,86,1257,8924,-7668,11557,2.3,100,1.8,13.3/16.1
China,EasternAsia,9600000,1409517,150.1,106.3,11158457,6.9,9.2,132,133,2118981,1588696,530285,330602,0.5,55.6,3,17.7/16.2
Colombia,SouthAmerica,1141748,49066,44.2,96.8,292080,3.1,6.8,114,115,31045,44831,-13786,-18922,1,76.4,1.7,23.5/11.6
Comoros,EasternAfrica,2235,814,437.4,101.8,1079,4.8,30.7,107,107,20,193,-173,...,2.4,28.3,2.7,39.8/4.9
Congo,MiddleAfrica,342000,5261,15.4,100.1,8493,1.2,4.7,106,106,2540,9793,-7253,...,2.6,65.4,3.2,42.3/5.2
Cook Islands,Polynesia,236,17,72.4,97.4,294,5.5,8.1,91,91,14,98,-84,-99,-1.2,74.5,0.9,26.9/14.2
Costa Rica,CentralAmerica,51100,4906,96.1,100.1,52958,3.7,5.1,127,129,9908,15322,-5414,-2493,1.1,76.8,2.7,21.6/13.6
Croatia,SouthernEurope,56594,4189,74.9,93.1,48676,1.6,4.1,91,91,13648,21830,-8182,2492,-0.4,59,0.1,14.7/26.8
Cuba,Caribbean,109884,11485,107.9,100.1,87206,4.4,5,100,101,18000,4911,13089,-99,0.2,77.1,0.1,16.0/20.1
Cyprus,WesternAsia,9251,1180,127.7,100.2,19561,1.7,2.3,80,80,1920,6604,-4684,-576,0.9,66.9,0.9,16.8/18.5
Czechia,EasternEurope,78868,10618,137.5,96.7,185156,4.5,2.5,102,102,161248,140316,20932,1683,0.1,73,0.3,15.4/25.6
Democratic People's Republic of Korea,EasternAsia,120538,25491,211.7,95.7,16283,-1.1,21.6,104,103,1010,2757,-1748,-99,0.5,60.9,0.7,20.6/13.5
Democratic Republic of the Congo,MiddleAfrica,2344858,81340,35.9,99.6,37569,7,19.9,104,104,5103,5906,-803,-1546,3.3,42.5,4,46.3/4.7
Denmark,NorthernEurope,42921,5734,135.1,99,301308,1.6,1.2,105,105,94355,85133,9222,27582,0.5,87.7,0.6,16.5/25.3
Djibouti,EasternAfrica,23200,957,41.3,100.7,1737,6.5,3.3,133,133,134,987,-852,-548,1.7,77.3,1.6,31.1/6.4
Dominica,Caribbean,750,74,98.6,103,512,-1.8,15.4,110,111,23,214,-191,-72,0.5,69.5,0.8,.../...
Dominican Republic,Caribbean,48671,10767,222.8,99.2,67103,7,6.6,136,138,3747,22725,-18978,-1335,1.2,79,2.6,29.3/10.2
Ecuador,SouthAmerica,257217,16625,66.9,99.9,100177,0.2,10.1,118,119,16798,16189,609,-2201,1.6,63.7,1.9,28.4/10.5
Egypt,NorthernAfrica,1002000,97553,98,102.3,315917,4.2,11.2,120,122,22507,58053,-35545,-16786,2.2,43.1,1.7,33.5/7.9
El Salvador,CentralAmerica,21041,6378,307.8,88.5,25850,2.5,10.8,111,117,5335,9855,-4519,-920,0.5,66.7,1.4,27.4/11.6
Equatorial Guinea,MiddleAfrica,28052,1268,45.2,124,13812,-7.4,1.2,117,118,7443,5456,1987,-99,4.2,39.9,3.1,37.2/4.4
Eritrea,EasternAfrica,117600,5069,50.2,100.4,4783,4.8,17.2,109,109,16,3325,-3310,-99,2,22.6,5.1,41.8/5.3
Estonia,NorthernEurope,45227,1310,30.9,88.2,22460,1.4,3.4,136,136,13952,15759,-1807,493,-0.3,67.5,-0.4,16.4/25.9
Ethiopia,EasternAfrica,1104300,104957,105,99.7,59917,9.6,40.5,158,157,1724,19121,-17397,...,2.6,19.5,4.9,40.6/5.3
Falkland Islands (Malvinas),SouthAmerica,12173,3,0.2,110.5,-99,-99,-99,96,105,4,17,-13,-99,0.3,76.2,1,16.4/15.7
Faroe Islands,NorthernEurope,1393,49,35.3,107.2,-99,-99,-99,102,102,1192,976,216,...,0.2,42,0.5,21.0/22.5
Fiji,Melanesia,18272,906,49.6,103.1,4391,3.6,11.3,88,88,926,2316,-1391,-72,0.7,53.7,1.5,28.5/9.9
Finland,NorthernEurope,338440,5523,18.2,97.2,231960,0.2,2.5,101,101,57326,60502,-3176,-979,0.4,84.2,0.5,16.4/27.8
France,WesternEurope,551500,64980,118.7,96.7,2418946,1.3,1.7,103,103,488885,560555,-71670,-4861,0.4,79.5,0.8,18.1/25.7
French Guiana,SouthAmerica,83534,283,3.4,100,-99,-99,-99,120,120,-99,-99,-99,-99,2.8,84.4,2.8,33.2/8.4
French Polynesia,Polynesia,4000,283,77.3,103.7,5135,1.6,2.8,98,98,173,1491,-1319,208,0.7,55.9,0.9,23.3/11.9
Gabon,MiddleAfrica,267668,2025,7.9,105.6,13735,3.9,3.8,97,92,2851,2930,-79,...,3.3,87.2,2.7,35.9/6.4
Gambia,WesternAfrica,11295,2101,207.6,98,942,4.7,21.1,82,82,32,471,-439,...,3.1,59.6,4.3,45.3/3.8
Georgia,WesternAsia,69700,3912,56.3,91.4,13965,2.8,9,85,86,2114,7236,-5122,-1775,-1.4,53.6,-0.1,19.2/20.8
Germany,WesternEurope,357376,82114,235.6,97,3363600,1.7,0.6,111,111,1340752,1060672,280080,279969,0.2,75.3,0.2,13.1/28.0
Ghana,WesternAfrica,238537,28834,126.7,99.3,37156,3.9,19,144,144,7221,11939,-4718,-2809,2.4,54,3.4,38.5/5.3
Gibraltar,SouthernEurope,6,35,3457.1,101.8,-99,-99,-99,-99,-99,234,533,-299,-99,0.6,100,0.1,18.1/22.4
Greece,SouthernEurope,131957,11160,86.6,96.9,194860,-0.2,4.1,86,87,27811,47595,-19784,218,-0.4,78,0.5,14.2/26.5
Greenland,NorthernAmerica,2166086,56,0.1,112.1,2078,0.3,10,99,99,553,623,-71,-99,-0.1,86.4,0.7,21.0/13.2
Grenada,Caribbean,345,108,317.1,100.9,954,6.2,8.3,103,103,30,350,-320,-213,0.4,35.6,0.3,26.3/10.5
Guadeloupe,Caribbean,1705,450,266,86.4,-99,-99,-99,100,100,-99,-99,-99,-99,-~0.0,98.4,0.5,18.6/23.6
Guam,Micronesia,549,164,304.1,102.6,-99,-99,-99,88,88,-99,-99,-99,-99,0.3,94.5,1.4,24.7/14.0
Guatemala,CentralAmerica,108889,16914,157.8,96.9,63794,4.1,10.8,158,158,10572,16987,-6415,-96,2.1,51.6,3.4,35.1/6.9
Guinea-Bissau,WesternAfrica,36125,1861,66.2,96.9,978,4.8,45,137,138,885,212,673,-53,2.6,49.3,4.1,41.5/4.9
Guinea,WesternAfrica,245857,12717,51.8,100.6,8875,0.1,19.8,130,131,1753,2082,-329,-1240,2.3,37.2,3.8,42.3/5.2
Guyana,SouthAmerica,214969,778,4,101.9,3282,3.1,17.6,142,143,1453,1625,-172,-144,0.6,28.6,0.8,29.0/8.6
Haiti,Caribbean,27750,10981,398.4,97.8,8501,1.7,16.7,163,166,984,3316,-2332,-723,1.4,58.6,3.8,33.0/7.3
Holy See,SouthernEurope,~0,1,1800,219.2,-99,-99,-99,-99,-99,-99,-99,-99,-99,~0.0,100,~0.0,-99
Honduras,CentralAmerica,112492,9265,82.8,99.4,20365,3.6,13,122,119,3657,8448,-4791,-1291,1.8,54.7,3.1,31.6/7.0
Hungary,EasternEurope,93024,9722,107.4,90.7,121715,3.1,4.1,99,99,103071,92044,11027,3946,-0.3,71.2,0.5,14.3/26.0
Iceland,NorthernEurope,103000,335,3.3,100.7,16780,4.2,6.4,117,117,4450,5703,-1254,854,0.6,94.1,1.3,20.1/20.1
India,SouthernAsia,3287263,1339180,450.4,107.6,2116239,7.6,17,143,142,260327,356705,-96378,-22457,1.2,32.7,2.4,27.8/9.4
Indonesia,South-easternAsia,1910931,263991,145.7,101.4,861934,4.8,14,139,140,144490,135653,8837,-17697,1.2,53.7,2.7,27.4/8.6
Iran (Islamic Republic of),SouthernAsia,1628750,81163,49.8,101.2,398563,0.4,8.6,106,107,45627,35333,10294,-99,1.2,73.4,2.1,23.7/8.8
Iraq,WesternAsia,435052,38275,88.1,102.5,164234,-2.4,4.6,123,123,27341,45831,-18490,4121,3.2,69.5,3,40.4/5.0
Ireland,NorthernEurope,69797,4762,69.1,98.4,283716,26.3,1,102,102,129315,76997,52318,28967,0.3,63.2,1.6,21.6/19.1
Isle of Man,NorthernEurope,572,84,147.9,98.2,-99,-99,-99,-99,-99,-99,-99,-99,-99,0.8,52.2,0.8,16.0/26.9
Israel,WesternAsia,22072,8322,384.5,98.7,299413,2.5,1.3,112,112,60571,65803,-5232,13642,1.6,92.1,1.4,27.9/16.1
Italy,SouthernEurope,302073,59360,201.8,95.1,1821580,0.7,2.2,89,89,461529,404578,56951,29348,-0.1,69,0.4,13.5/29.4
Jamaica,Caribbean,10990,2890,266.9,99,14262,1,7.1,102,102,1202,4767,-3565,-400,0.4,54.8,0.9,22.7/13.6
Japan,EasternAsia,377930,127484,349.7,95.4,4383076,1.2,1.2,96,97,644932,606924,38008,135608,-0.1,93.5,0.6,12.9/33.4
Jordan,WesternAsia,89318,9702,109.3,102.6,37517,2.4,4,134,135,7509,19207,-11698,-3332,4.9,83.7,3.8,35.5/5.7
Kazakhstan,CentralAsia,2724902,18204,6.7,93.9,181754,1.2,5,126,127,36775,25175,11601,-5464,1.6,53.2,0.9,27.9/11.1
Kenya,EasternAfrica,591958,49700,87.3,98.8,63399,5.6,32,126,126,5688,14109,-8420,-6339,2.7,25.6,4.3,40.5/4.3
Kiribati,Micronesia,726,116,143.7,97.3,162,3.7,24.1,61,61,3,116,-113,45,1.8,44.3,1.8,35.0/6.4
Kuwait,WesternAsia,17818,4136,232.1,134.9,114054,1.8,0.6,199,199,46238,30825,15413,8584,5.4,98.3,3.6,21.1/4.9
Kyrgyzstan,CentralAsia,199949,6045,31.5,98.4,6572,3.5,15.4,108,110,1423,3844,-2421,-721,1.6,35.7,1.6,31.8/7.6
Lao People's Democratic Republic,South-easternAsia,236800,6858,29.7,99.5,12585,7.6,23.6,193,186,2066,4513,-2447,-2264,1.3,38.6,4.9,32.9/6.3
Latvia,NorthernEurope,64573,1950,31.3,84.9,27004,2.7,3.2,130,130,11433,13596,-2163,-210,-1.2,67.4,-0.7,15.4/26.2
Lebanon,WesternAsia,10452,6082,594.6,100.6,50149,1.5,3.2,95,95,3402,20409,-17007,-8146,6,87.8,3.2,23.1/12.0
Lesotho,SouthernAfrica,30355,2233,73.6,94.4,2008,2.8,7.7,101,100,648,1727,-1079,-168,1.3,27.3,3,35.4/6.7
Liberia,WesternAfrica,111369,4732,49.1,101.8,2053,0.3,70.8,104,121,641,727,-86,-860,2.6,49.7,3.4,41.8/4.9
Libya,NorthernAfrica,1676198,6375,3.6,101.7,34457,-10.2,0.9,113,114,4615,8876,-4261,-108,0.2,78.6,1.1,28.2/6.6
Liechtenstein,WesternEurope,160,38,237,98.4,6361,1.4,0.7,102,102,-99,-99,-99,-99,0.8,14.3,0.5,14.9/22.7
Lithuania,NorthernEurope,65286,2890,46.1,85.4,41402,1.8,3.6,125,125,25025,27501,-2476,-977,-1.3,66.5,-0.5,14.8/25.3
Luxembourg,WesternEurope,2586,584,225.3,101,56802,3.5,0.2,98,98,12838,19124,-6285,2962,2.2,90.2,1.7,16.4/19.6
Madagascar,EasternAfrica,587295,25571,44,99.5,9739,3.1,24.9,119,120,2256,2965,-709,-622,2.7,35.1,4.7,41.0/4.8
Malawi,EasternAfrica,118484,18622,197.5,98.2,6420,3,26.1,149,150,875,1649,-774,-710,2.9,16.3,3.8,44.0/4.3
Malaysia,South-easternAsia,330323,31624,96.3,106.7,296284,5,8.6,122,130,189414,168375,21039,8960,1.8,74.7,2.7,24.3/9.7
Maldives,SouthernAsia,300,436,1454.4,131.8,3435,2.8,3.1,65,65,140,2128,-1988,-326,2.8,45.5,4.5,23.4/6.3
Mali,WesternAfrica,1240192,18542,15.2,100.2,13100,7.6,39.9,154,157,3030,2510,520,-676,2.9,39.9,5.1,47.7/4.0
Malta,SouthernEurope,315,431,1346.4,100.9,9747,6.2,1.4,96,96,4039,7182,-3143,539,0.5,95.4,0.5,14.4/26.1
Marshall Islands,Micronesia,181,53,295.2,104.5,183,0.6,16.4,115,115,27,86,-58,-5,0.2,72.7,0.6,39.0/5.5
Martinique,Caribbean,1128,385,363.1,83.5,-99,-99,-99,78,78,-99,-99,-99,-99,-0.5,88.9,0.2,17.7/25.7
Mauritania,WesternAfrica,1030700,4420,4.3,101.6,5023,1.2,20.9,125,125,1623,2174,-551,-1066,2.9,59.9,3.5,39.9/5.0
Mauritius,EasternAfrica,1969,1265,623.2,97.9,11511,3.5,2.9,96,96,2194,4655,-2461,-566,0.2,39.7,-0.1,18.4/16.6
Mayotte,EasternAfrica,-99,253,674.8,96.7,-99,-99,-99,-99,-99,...,...,...,-99,2.8,47,1.9,40.6/5.8
Mexico,CentralAmerica,1964375,129163,66.4,99.2,1140724,2.5,3.6,120,120,373883,387064,-13181,-33216,1.4,79.2,1.6,26.7/10.1
Micronesia (Federated States of),Micronesia,702,106,150.8,105.1,315,3.7,27.8,99,99,6,40,-34,22,0.2,22.4,0.3,33.1/8.0
Monaco,WesternEurope,2,39,25969.8,94.7,6258,5.4,-99,-99,-99,-99,-99,-99,-99,0.6,100,0.8,.../...
Mongolia,EasternAsia,1564116,3076,2,97.9,11758,2.3,14.8,147,149,4917,3358,1559,-948,1.9,72,2.8,29.7/6.6
Montenegro,SouthernEurope,13812,629,46.8,97.4,4020,4.5,9.8,66,66,354,2263,-1908,-533,0.1,64,0.3,18.1/21.3
Montserrat,Caribbean,103,5,51.8,106,59,0.4,1.4,103,103,4,36,-32,-27,0.7,9,0.7,19.7/19.6
Morocco,NorthernAfrica,446550,35740,80.1,98.1,100359,4.4,13.7,130,130,22858,41696,-18838,-2161,1.4,60.2,2.3,27.4/10.7
Mozambique,EasternAfrica,799380,29669,37.7,95.5,14806,6.6,24.6,137,137,3352,5295,-1943,-5833,2.9,32.2,3.3,44.8/4.8
Myanmar,South-easternAsia,676577,53371,81.7,95.5,62601,7.3,26.7,130,128,11673,15696,-4023,-3921,0.9,34.1,2.5,26.8/9.4
Namibia,SouthernAfrica,824116,2534,3.1,94.7,11491,5.3,6.6,88,89,4816,6721,-1905,-1700,2.2,46.7,4.2,36.7/5.5
Nauru,Micronesia,21,11,568,101.9,189,18.7,3,112,112,-99,-99,-99,-99,2.3,100,0.2,39.5/4.0
Nepal,SouthernAsia,147181,29305,204.4,94.3,20658,2.7,31.8,139,139,703,5249,-4547,2447,1.2,18.6,3.2,30.9/8.8
Netherlands,WesternEurope,41542,17036,505.2,99,750318,2,1.8,115,115,511714,420969,90745,65129,0.3,90.5,1,16.4/25.0
New Caledonia,Melanesia,18575,276,15.1,101.5,8937,3.2,1.4,102,103,1344,2422,-1079,-1469,1.4,70.2,2.2,22.5/14.2
New Zealand,Oceania,268107,4706,17.9,96.7,173417,3.1,6.5,116,118,33833,36423,-2589,-5501,1.1,86.3,1,19.8/20.8
Nicaragua,CentralAmerica,130373,6218,51.7,97.2,12693,4.9,18.8,130,130,2225,5927,-3701,-1045,1.2,58.8,2,29.0/8.4
Niger,WesternAfrica,1267000,21477,17,100.6,7143,3.6,39.6,148,148,927,1861,-933,-1150,3.8,18.7,5.1,50.2/4.2
Nigeria,WesternAfrica,923768,190886,209.6,102.7,494583,2.7,20.9,116,117,104084,36533,67551,-15763,2.7,47.8,4.7,44.0/4.5
Niue,Polynesia,260,2,6.2,100,-99,-99,-99,101,101,-99,-99,-99,-99,-0.1,42.5,-0.9,22.8/20.1
Northern Mariana Islands,Micronesia,457,55,119.9,107.1,-99,-99,-99,-99,-99,1735,4553,-2818,-99,0.1,89.2,0.4,23.5/10.0
Norway,NorthernEurope,386194,5305,14.5,101.8,386578,1.6,1.8,103,104,89120,72473,16647,33746,1.2,80.5,1.3,17.8/22.3
Oman,WesternAsia,309500,4636,15,192.8,69832,5.7,1.5,134,134,24455,23260,1195,-10807,6.5,77.6,8.5,21.8/4.0
Pakistan,SouthernAsia,796095,197016,255.6,105.6,266458,5.5,25.5,135,138,20534,46998,-26464,-1603,2.1,38.8,2.8,34.8/6.7
Palau,Micronesia,459,22,47.2,113.3,258,5.7,3.8,-99,-99,7,154,-147,-24,0.8,87.1,1.7,20.3/13.1
Panama,CentralAmerica,75320,4099,55.1,100.4,52132,5.8,2.8,117,118,636,11697,-11061,-3377,1.7,66.6,2.1,27.4/11.4
Papua New Guinea,Melanesia,462840,8251,18.2,103.5,21315,6.6,20.1,84,83,8760,8874,-114,5326,2.2,13,2.1,35.9/6.1
Paraguay,SouthAmerica,406752,6811,17.1,102.9,27714,3.1,19,160,166,8494,9753,-1259,-462,1.3,59.7,2.1,29.4/9.4
Peru,SouthAmerica,1285216,32166,25.1,99.8,190428,3.3,7.6,145,148,36040,36185,-145,-9210,1.3,78.6,1.7,27.4/10.4
Philippines,South-easternAsia,300000,104918,351.9,101.3,292449,5.9,10.5,122,120,56313,85909,-29596,7694,1.6,44.4,1.3,31.7/7.6
Poland,EasternEurope,312679,38171,124.6,93.4,477066,3.9,2.6,113,113,196455,188518,7937,-2932,-~0.0,60.5,-0.1,14.8/24.0
Portugal,SouthernEurope,92226,10330,112.8,89.8,199122,1.6,2.3,104,104,55658,67580,-11922,842,-0.4,63.5,1,13.6/27.9
Puerto Rico,Caribbean,8868,3663,413,92.6,102906,-~0.0,0.8,110,111,-99,-99,-99,-99,-0.2,93.6,-0.2,17.9/20.4
Qatar,WesternAsia,11607,2639,227.3,301.2,164641,3.6,0.2,154,154,57254,32058,25196,13751,6.6,99.2,6,13.9/2.8
Republic of Korea,EasternAsia,100284,50982,524.3,100.2,1377873,2.6,2.3,104,104,495418,406182,89236,105871,0.4,82.5,0.7,13.5/20.1
Republic of Moldova,EasternEurope,33846,4051,123.3,92.2,6475,-0.7,13.4,109,109,2045,4020,-1975,-415,-0.1,45,-0.7,15.7/17.6
Romania,EasternEurope,238391,19679,85.5,94,177956,3.7,4.8,100,100,63581,74605,-11024,-2096,-0.6,54.6,~0.0,15.3/24.9
Russian Federation,EasternEurope,17098246,143990,8.8,86.8,1326016,-3.7,4.7,120,120,285491,182257,103234,69000,0.1,74,-0.1,17.6/21.1
Rwanda,EasternAfrica,26338,12208,494.9,96.2,8096,6.9,34.6,139,139,622,1778,-1157,-1099,2.5,28.8,6.4,40.1/4.9
Saint Helena,WesternAfrica,308,4,10.4,-99,-99,-99,-99,-99,-99,~0,48,-48,-99,-0.7,39.4,-0.6,-99
Saint Kitts and Nevis,Caribbean,261,55,212.9,97,876,3.8,1.2,39,39,51,332,-280,-63,1.1,32,1.3,.../...
Saint Lucia,Caribbean,539,179,293.2,95.9,1450,1.9,2.7,69,69,120,654,-535,-100,0.5,18.5,0.9,18.9/13.7
Saint Pierre and Miquelon,NorthernAmerica,242,6,27.5,98.2,-99,-99,-99,112,112,653,2629,-1976,-99,~0.0,90.4,0.1,.../...
Saint Vincent and the Grenadines,Caribbean,389,110,281.8,101.7,738,1.6,7.5,115,115,47,335,-288,-210,~0.0,50.6,0.7,23.8/11.7
Samoa,Polynesia,2842,196,69.4,106.6,774,2.8,9.3,107,107,56,350,-294,-44,0.8,19.1,-0.2,36.6/8.5
San Marino,SouthernEurope,61,33,556.7,94.9,1565,1,0.1,-99,-99,-99,-99,-99,-99,1.2,94.2,0.6,15.0/24.1
Sao Tome and Principe,MiddleAfrica,964,204,212.8,99.2,334,4,12.3,119,119,10,139,-129,-69,2.2,65.1,3.6,42.8/4.3
Saudi Arabia,WesternAsia,2206714,32938,15.3,132.9,653219,3.4,2.3,96,96,182329,135904,46426,-56724,2.8,83.1,2.1,25.2/5.6
Senegal,WesternAfrica,196712,15851,82.3,96.6,13633,6.5,15.5,126,127,2640,5478,-2838,-1348,3,43.7,3.6,42.9/4.7
Serbia,SouthernEurope,88499,8791,100.5,95.6,37160,0.8,8.2,102,102,14852,19231,-4379,-1751,-0.4,55.6,-0.3,16.5/24.5
Seychelles,EasternAfrica,457,95,206,97.2,1363,6.8,2.7,105,109,335,833,-498,-256,0.5,53.9,1.1,22.2/13.3
Sierra Leone,WesternAfrica,72300,7557,104.7,98.1,4483,-20.3,51.4,168,168,466,958,-492,-1317,2.3,39.9,2.7,42.1/4.2
Singapore,South-easternAsia,719,5709,8155.5,97.7,292734,2,~0.0,112,112,329871,283009,46862,57922,1.7,100,2,15.0/19.5
Sint Maarten (Dutch part),Caribbean,34,40,1180,95.7,1094,0.5,0.1,-99,-99,-99,-99,-99,23,3.1,100,2,21.0/10.4
Slovakia,EasternEurope,49035,5448,113.3,94.6,87268,3.8,3.7,97,97,77565,75156,2409,193,0.1,53.6,-0.3,15.4/21.8
Slovenia,SouthernEurope,20273,2080,103.3,98.6,42777,2.3,2.4,89,89,27585,26646,939,2216,0.3,49.7,0.1,15.0/26.3
Solomon Islands,Melanesia,28896,611,21.8,103.4,1075,3.2,28.2,118,118,437,454,-17,-36,2.1,22.3,4.2,38.8/5.4
Somalia,EasternAfrica,637657,14742,23.5,99.3,1559,2.7,60.2,112,112,925,530,394,-99,2.9,39.6,4.1,46.4/4.4
South Africa,SouthernAfrica,1221037,56717,46.8,96.4,314571,1.3,2.4,125,126,74111,74744,-633,-13644,1.4,64.8,1.6,29.0/8.4
South Sudan,EasternAfrica,658841,12576,20.6,100.4,13167,2,4.6,-99,-99,2389,750,1640,-935,3.3,18.8,5.1,41.7/5.1
Spain,SouthernEurope,505944,46354,92.9,96.2,1192955,3.2,2.6,102,102,281777,302539,-20762,16208,-0.2,79.6,0.7,14.7/25.3
Sri Lanka,SouthernAsia,65610,20877,332.9,92.5,82316,4.8,8.7,120,122,10546,19501,-8955,-2009,0.5,18.4,0.8,24.0/14.9
State of Palestine,WesternAsia,6020,4921,817.4,102.9,12677,3.5,4.8,90,90,929,5058,-4128,-1713,2.7,75.3,2.8,39.6/4.6
Sudan,NorthernAfrica,-99,40533,23,99.9,79546,4.9,32.4,-99,-99,1797,7658,-5861,-5933,2.3,33.8,2.5,40.8/5.5
Suriname,SouthAmerica,163820,563,3.6,100.7,4879,-2.7,11.4,152,152,1437,1244,193,-808,1,66,0.8,26.4/10.4
Swaziland,SouthernAfrica,17363,1367,79.5,93.9,4133,1.7,6.6,114,115,1881,733,1149,281,1.8,21.3,1.3,37.2/4.8
Sweden,NorthernEurope,438574,9911,24.2,100.2,495694,4.1,1.3,100,100,139574,140838,-1263,23250,0.8,85.8,0.8,17.5/25.5
Switzerland,WesternEurope,41291,8476,214.5,98.2,670790,0.8,0.7,106,106,304691,269157,35534,77378,1.2,73.9,1.1,14.9/24.1
Syrian Arab Republic,WesternAsia,185180,18270,99.5,102.1,28393,-5.3,20.7,65,68,1265,2383,-1118,...,-2.3,57.7,1.4,36.6/6.8
Tajikistan,CentralAsia,142600,8921,63.7,100.9,7853,4.2,25,155,172,899,3030,-2132,-472,2.2,26.8,2.6,35.3/5.8
Thailand,South-easternAsia,513120,69038,135.1,95.2,395168,2.8,9.1,129,126,213927,195666,18260,32149,0.4,50.4,3,17.3/16.9
The former Yugoslav Republic of Macedonia,SouthernEurope,25713,2083,82.6,100,10052,3.8,12,111,112,4785,6757,-1972,-204,0.1,57.1,0.1,16.7/19.5
Timor-Leste,South-easternAsia,14919,1296,87.2,103.2,2873,4.3,5.2,111,117,94,647,-553,238,2.2,32.8,3.8,43.6/5.4
Togo,WesternAfrica,56785,7798,143.4,99.4,4086,5.5,45.7,140,143,715,1716,-1001,-461,2.6,40,3.8,41.6/4.6
Tokelau,Polynesia,12,1,130,100,-99,-99,-99,112,112,~0,1,-1,-99,1.9,0,0,28.3/12.2
Tonga,Polynesia,747,108,150,100.7,402,3.8,22.4,134,134,14,209,-196,-33,0.4,23.7,0.7,35.8/8.5
Trinidad and Tobago,Caribbean,5127,1369,266.9,97.1,25927,0.2,0.5,95,95,4576,4826,-249,...,0.5,8.4,-1.2,20.7/15.0
Tunisia,NorthernAfrica,163610,11532,74.2,97.6,41199,0.8,10.3,108,108,13483,19456,-5973,-3850,1.2,66.8,1.4,24.0/12.3
Turkey,WesternAsia,783562,80745,104.9,97,717888,4,8.6,120,122,142606,198602,-55996,-32278,1.6,73.4,2,25.0/12.0
Turkmenistan,CentralAsia,488100,5758,12.3,97,37597,6.5,13.4,103,109,3741,2616,1125,-99,1.8,50,1.9,30.9/7.3
Turks and Caicos Islands,Caribbean,948,35,37.3,104.1,863,4.1,0.6,-99,-99,4,389,-385,-99,2,92.2,2.5,19.2/7.6
Tuvalu,Polynesia,26,11,373.1,102,33,3.5,26,110,110,~0,12,-12,7,0.9,59.7,1.9,31.1/9.9
Uganda,EasternAfrica,241550,42863,214.5,99,25282,5.4,25.6,93,90,2755,3750,-996,-2353,3.4,16.1,5.4,47.7/3.3
Ukraine,EasternEurope,603500,44223,76.3,86,90615,-9.9,14,137,137,36369,39184,-2815,-189,-0.5,69.7,-0.3,15.5/23.2
United Arab Emirates,WesternAsia,83600,9400,112.4,262.4,370296,3.8,0.7,70,70,195613,201908,-6296,-99,2,85.5,2.9,13.9/2.4
United Kingdom,NorthernEurope,242495,66182,273.6,97.4,2858003,2.2,0.7,108,108,415856,635570,-219713,-122571,0.6,82.6,0.9,17.7/23.9
United Republic of Tanzania,EasternAfrica,947303,57310,64.7,97.8,45628,7,31.1,176,180,4742,7876,-3134,-3312,3.1,31.6,5.4,44.9/4.7
United States of America,NorthernAmerica,9833517,324460,35.5,98,18036648,2.6,1,111,113,1453167,2249661,-796494,-462961,0.7,81.6,1,18.9/21.5
United States Virgin Islands,Caribbean,347,105,299.7,91.1,-99,-99,-99,109,109,-99,-99,-99,-99,-0.2,95.3,0.3,20.1/25.3
Uruguay,SouthAmerica,173626,3457,19.8,93.5,53442,1,6.8,129,130,6964,8137,-1173,-1141,0.3,95.3,0.5,21.1/19.5
Uzbekistan,CentralAsia,448969,31911,75,99.4,69004,6.8,19.2,158,174,27947,25652,2295,-99,1.6,36.4,1.4,28.0/7.6
Vanuatu,Melanesia,12189,276,22.7,102.4,737,-1,26.7,123,122,50,416,-366,-82,2.3,26.1,3.4,35.9/6.7
Venezuela (Bolivarian Republic of),SouthAmerica,912050,31977,36.3,99,344331,-6.2,5.3,118,119,19731,16324,3407,-20360,1.4,89,1.5,27.6/9.9
Viet Nam,South-easternAsia,330967,95541,308.1,98,193241,6.7,18.9,136,134,176632,174111,2520,906,1.1,33.6,3,23.1/11.1
Wallis and Futuna Islands,Polynesia,142,12,84.1,93.4,-99,-99,-99,115,115,1,53,-51,-99,-2.1,0,0,25.5/15.4
Western Sahara,NorthernAfrica,266000,553,2.1,110.1,-99,-99,-99,100,100,-99,-99,-99,-99,1.8,80.9,3.3,28.1/5.4
Yemen,WesternAsia,527968,28250,53.5,102.1,29688,-28.1,14.7,136,137,570,6861,-6291,-3026,2.6,34.6,4,39.9/4.6
Zambia,EasternAfrica,752612,17094,23,98.5,21255,2.9,8.2,179,180,6505,7442,-937,-768,3,40.9,4.3,44.8/3.7
Zimbabwe,EasternAfrica,390757,16530,42.7,95,13893,1.1,13,99,98,2832,5212,-2379,-1521,2.3,32.4,2.3,41.2/4.2
